"ID","X"
1,29.6563454114963
2,34.9131029581999
3,28.3306497154233
4,33.421327845869
5,36.2725394338108
6,24.695106006337
7,25.2212416256155
8,27.4692891817578
9,24.9999492141287
10,37.6666030320795
11,34.7686640672109
12,35.2161798906965
13,26.349450460541
14,30.1744641797908
15,26.7954028595278
16,21.8429362468688
17,32.2501207917474
18,28.703977763165
19,22.3384350621882
20,24.8105566082147
21,60
